<?xml version="1.0" encoding="utf-8"?>
<!DOCTYPE hibernate-mapping PUBLIC "-//Hibernate/Hibernate Mapping DTD 3.0//EN"
"http://www.hibernate.org/dtd/hibernate-mapping-3.0.dtd">
<!-- 
    Mapping file autogenerated by MyEclipse Persistence Tools
-->
<hibernate-mapping>
    <class name="com.entity.TAdministrator" table="t_administrator">
        <id name="aid" type="java.lang.Integer">
            <column name="Aid" />
            <generator class="native" />
        </id>
        <property name="aname" type="java.lang.String">
            <column name="Aname" length="20" not-null="true" />
        </property>
        <property name="apassword" type="java.lang.String">
            <column name="Apassword" length="20" not-null="true" />
        </property>
    </class>
</hibernate-mapping>
