<?xml version="1.0" encoding="utf-8"?>
<!DOCTYPE hibernate-mapping PUBLIC "-//Hibernate/Hibernate Mapping DTD 3.0//EN"
"http://www.hibernate.org/dtd/hibernate-mapping-3.0.dtd">
<!-- 
    Mapping file autogenerated by MyEclipse Persistence Tools
-->
<hibernate-mapping>
    <class name="com.entity.TMessage" table="t_message">
        <id name="mid" type="java.lang.Integer">
            <column name="Mid" />
            <generator class="native" />
        </id>
        <property name="username" type="java.lang.String">
            <column name="username" length="20" not-null="true" />
        </property>
        <property name="mmessage" type="java.lang.String">
            <column name="Mmessage" length="200" not-null="true" />
        </property>
        <property name="mtime" type="java.lang.String">
            <column name="Mtime" length="50" not-null="true" />
        </property>
    </class>
</hibernate-mapping>
