<?xml version="1.0" encoding="utf-8"?>
<!DOCTYPE hibernate-mapping PUBLIC "-//Hibernate/Hibernate Mapping DTD 3.0//EN"
"http://www.hibernate.org/dtd/hibernate-mapping-3.0.dtd">
<!-- 
    Mapping file autogenerated by MyEclipse Persistence Tools
-->
<hibernate-mapping>
    <class name="com.entity.TNotice" table="t_notice">
        <id name="nid" type="java.lang.Integer">
            <column name="Nid" />
            <generator class="native" />
        </id>
        <property name="ntitle" type="java.lang.String">
            <column name="Ntitle" length="50" not-null="true" />
        </property>
        <property name="ncontent" type="java.lang.String">
            <column name="Ncontent" length="400" not-null="true" />
        </property>
        <property name="neditor" type="java.lang.String">
            <column name="Neditor" length="50" not-null="true" />
        </property>
        <property name="ntime" type="java.lang.String">
            <column name="Ntime" length="50" not-null="true" />
        </property>
    </class>
</hibernate-mapping>
