<?xml version="1.0" encoding="utf-8"?>
<!DOCTYPE hibernate-mapping PUBLIC "-//Hibernate/Hibernate Mapping DTD 3.0//EN"
"http://www.hibernate.org/dtd/hibernate-mapping-3.0.dtd">
<!-- 
    Mapping file autogenerated by MyEclipse Persistence Tools
-->
<hibernate-mapping>
    <class name="com.entity.TOrdersInfo" table="t_ordersInfo">
        <id name="oid" type="java.lang.Integer">
            <column name="Oid" />
            <generator class="native" />
        </id>
        <many-to-one name="TUser" class="com.entity.TUser" fetch="select">
            <column name="Userid" not-null="true" />
        </many-to-one>
        <property name="tid" type="java.lang.Integer">
            <column name="Tid" not-null="true" />
        </property>
        <property name="tdeparture" type="java.lang.String">
            <column name="Tdeparture" length="100" not-null="true" />
        </property>
        <property name="tdestination" type="java.lang.String">
            <column name="Tdestination" length="100" />
        </property>
        <property name="tprice" type="java.lang.Float">
            <column name="Tprice" precision="53" scale="0" not-null="true" />
        </property>
        <property name="ttime" type="java.sql.Timestamp">
            <column name="Ttime" length="23" not-null="true" />
        </property>
        <property name="pname" type="java.lang.String">
            <column name="Pname" length="20" not-null="true" />
        </property>
        <property name="pcardno" type="java.lang.String">
            <column name="Pcardno" length="19" not-null="true" />
        </property>
        <property name="ptelephone" type="java.lang.String">
            <column name="Ptelephone" length="12" not-null="true" />
        </property>
        <property name="otype" type="java.lang.String">
            <column name="Otype" length="20" not-null="true" />
        </property>
    </class>
</hibernate-mapping>
