<?xml version="1.0" encoding="utf-8"?>
<!DOCTYPE hibernate-mapping PUBLIC "-//Hibernate/Hibernate Mapping DTD 3.0//EN"
"http://www.hibernate.org/dtd/hibernate-mapping-3.0.dtd">
<!-- 
    Mapping file autogenerated by MyEclipse Persistence Tools
-->
<hibernate-mapping>
    <class name="com.entity.TPassengerinfo" table="t_passengerinfo">
        <id name="pid" type="java.lang.Integer">
            <column name="Pid" />
            <generator class="native" />
        </id>
        <many-to-one name="TUser" class="com.entity.TUser" fetch="select">
            <column name="Uid" not-null="true" />
        </many-to-one>
        <property name="pname" type="java.lang.String">
            <column name="Pname" length="20" not-null="true" />
        </property>
        <property name="pcardno" type="java.lang.String">
            <column name="Pcardno" length="19" not-null="true" />
        </property>
        <property name="ptelephone" type="java.lang.String">
            <column name="Ptelephone" length="12" not-null="true" />
        </property>
        <set name="TOrdersInfos" inverse="true">
            <key>
                <column name="Oid" not-null="true" unique="true" />
            </key>
            <one-to-many class="com.entity.TOrdersInfo" />
        </set>
    </class>
</hibernate-mapping>
