<?xml version="1.0" encoding="utf-8"?>
<!DOCTYPE hibernate-mapping PUBLIC "-//Hibernate/Hibernate Mapping DTD 3.0//EN"
"http://www.hibernate.org/dtd/hibernate-mapping-3.0.dtd">
<!-- 
    Mapping file autogenerated by MyEclipse Persistence Tools
-->
<hibernate-mapping>
    <class name="com.entity.TTicket" table="t_ticket">
        <id name="tid" type="java.lang.Integer">
            <column name="Tid" />
            <generator class="native" />
        </id>
        <property name="tdeparture" type="java.lang.String">
            <column name="Tdeparture" length="100" not-null="true" />
        </property>
        <property name="tdestination" type="java.lang.String">
            <column name="Tdestination" length="100" />
        </property>
        <property name="tprice" type="java.lang.Float">
            <column name="Tprice" precision="53" scale="0" not-null="true" />
        </property>
        <property name="ttime" type="java.sql.Timestamp">
            <column name="Ttime" length="23" not-null="true" />
        </property>
        <property name="tsaleCount" type="java.lang.Integer">
            <column name="TsaleCount" not-null="true" />
        </property>
    </class>
</hibernate-mapping>
