<?xml version="1.0" encoding="utf-8"?>
<!DOCTYPE hibernate-mapping PUBLIC "-//Hibernate/Hibernate Mapping DTD 3.0//EN"
"http://www.hibernate.org/dtd/hibernate-mapping-3.0.dtd">
<!-- 
    Mapping file autogenerated by MyEclipse Persistence Tools
-->
<hibernate-mapping>
    <class name="com.entity.TUser" table="t_user">
        <id name="uid" type="java.lang.Integer">
            <column name="Uid" />
            <generator class="native" />
        </id>
        <property name="username" type="java.lang.String">
            <column name="username" length="20" not-null="true" />
        </property>
        <property name="password" type="java.lang.String">
            <column name="password" length="20" not-null="true" />
        </property>
        <set name="TPassengerinfos" inverse="true">
            <key>
                <column name="Uid" not-null="true" />
            </key>
            <one-to-many class="com.entity.TPassengerinfo" />
        </set>
    </class>
</hibernate-mapping>
