<?xml version="1.0" encoding="UTF-8"?>
<beans xmlns="http://www.springframework.org/schema/beans"
	xmlns:xsi="http://www.w3.org/2001/XMLSchema-instance"
	xmlns:p="http://www.springframework.org/schema/p"
	xmlns:tx="http://www.springframework.org/schema/tx"
	xmlns:context="http://www.springframework.org/schema/context"
	xmlns:jdbc="http://www.springframework.org/schema/jdbc"
	xsi:schemaLocation="http://www.springframework.org/schema/jdbc http://www.springframework.org/schema/jdbc/spring-jdbc-4.1.xsd
		http://www.springframework.org/schema/beans http://www.springframework.org/schema/beans/spring-beans-4.1.xsd
		http://www.springframework.org/schema/context http://www.springframework.org/schema/context/spring-context-4.1.xsd
		http://www.springframework.org/schema/tx http://www.springframework.org/schema/tx/spring-tx.xsd">
		
	
   <!-- 定义数据源Bean，使用C3P0数据源实现 -->
     <bean id="dataSource" class="com.mchange.v2.c3p0.ComboPooledDataSource">
         <!-- 指定连接数据库的驱动 -->
         <property name="driverClass" value="com.mysql.jdbc.Driver"/>
         <!-- 指定连接数据库的URL -->
         <property name="jdbcUrl" value="jdbc:mysql://localhost:3307/ticketsalesystem"/>
         <!-- 指定连接数据库的用户名 -->
        <property name="user" value="root"/>
         <!-- 指定连接数据库的密码 -->
         <property name="password" value="root1234"/>
     </bean>
     
     <!-- 定义Hibernate的SessionFactory -->
     <bean id="sessionFactory" class="org.springframework.orm.hibernate4.LocalSessionFactoryBean">
         <!-- 依赖注入数据源，注入正是上面定义的dataSource -->
         <property name="dataSource" ref="dataSource"/>
         
         <!-- mappingResouces属性用来列出全部映射文件 -->
         <property name="mappingResources">
             <list>
                 <!-- 以下用来列出Hibernate映射文件 -->
                 <value>com/entity/TPassengerinfo.hbm.xml</value>
                 <value>com/entity/TOrdersInfo.hbm.xml</value>
                 <value>com/entity/TTicket.hbm.xml</value>
                 <value>com/entity/TUser.hbm.xml</value>
                 <value>com/entity/TMessage.hbm.xml</value>
                 <value>com/entity/TAdministrator.hbm.xml</value>
                 <value>com/entity/TNotice.hbm.xml</value>
             </list>
         </property>
         
         <!-- 定义Hibernate的SessionFactory的属性 -->
         <property name="hibernateProperties">
             <!-- 配置Hibernate属性 -->
            <value>
             hibernate.dialect=org.hibernate.dialect.SQLServerDialect
             hibernate.hbm2ddl.auto=update
             hibernate.show_sql=true
             hibernate.format_sql=true
             </value>
         </property>
     </bean>
     <bean id="hibernateTemplate" class="org.springframework.orm.hibernate4.HibernateTemplate">
		<property name="sessionFactory" ref="sessionFactory"/>
	 </bean>

	<bean id="transactionManager"
		class="org.springframework.orm.hibernate4.HibernateTransactionManager">
		<property name="sessionFactory" ref="sessionFactory" />
	</bean>
	<tx:annotation-driven transaction-manager="transactionManager" />
	<context:component-scan base-package="com.service.impl,com.dao.impl,com.action"/>

	<bean id="userDao" class="com.dao.impl.UserDaoImpl"/>
	<bean id="userService" class="com.service.impl.UserServiceImpl"/>
	<bean id="user" class="com.action.UserAction" scope="prototype"/>

	<bean id="passengerinfoDao" class="com.dao.impl.PassengerinfoDaoImpl"/>
	<bean id="passengerinfoService" class="com.service.impl.PassengerinfoServiceImpl"/>
	<bean id="passengerinfo" class="com.action.passengerinfoAction" scope="prototype"/>
	
	<bean id="messageDao" class="com.dao.impl.MessageDaoImpl"/>
	<bean id="messageService" class="com.service.impl.MessageServiceImpl"/>
	<bean id="message" class="com.action.messageAction" scope="prototype"/>
	
	<bean id="ticketDao" class="com.dao.impl.TicketDaoImpl"/>
	<bean id="ticketService" class="com.service.impl.TicketServiceImpl"/>
	<bean id="ticket" class="com.action.TicketAction" scope="prototype"/>
	
	<!-- 订单信息 -->
	<bean id="ordersDao" class="com.dao.impl.OrdersDaoImpl"/>
	<bean id="ordersService" class="com.service.impl.OrdersServiceImpl"/>
	<bean id="orders" class="com.action.OrdersAction" scope="prototype"/>
	
	<!-- 管理员登陆注册修改密码 -->
	<bean id="administratorDao" class="com.dao.impl.AdministratorDaoImpl"></bean>
	<bean id="administratorService" class="com.service.impl.AdministratorServiceImpl"></bean>
	<bean id="admi" class="com.action.admiLogAction" scope="prototype"></bean>
	<bean id="admipassword" class="com.action.admipasswordAction" scope="prototype"></bean>
	<bean id="admin" class="com.entity.TAdministrator"></bean>
	
	<bean id="noticeDao" class="com.dao.impl.NoticeDaoImpl"></bean>
	<bean id="noticeService" class="com.service.impl.NoticeServiceImpl"></bean>
	<bean id="notice" class="com.action.noticeAction" scope="prototype"></bean>
</beans>