<?xml version="1.0" encoding="UTF-8" ?>
<!DOCTYPE struts PUBLIC 
"-//Apache Software Foundation//DTD Struts Configuration 2.1.//EN" 
"http://struts.apache.org/dtds/struts-2.1.dtd">
<struts>
	<package name="SSH" extends="struts-default">
		<!-- 拦截器 -->
		<interceptors>
			<interceptor name="uloginInterceptor" class="com.interceptor.userLoginInterceptor"></interceptor>
			<interceptor name="aloginInterceptor" class="com.interceptor.adminLoginInterceptor"></interceptor>
		</interceptors>
		<!-- 用户登录 -->
		<action name="login" class="user">
			<result name="success">/findTicket.jsp</result>
			<result name="error">/user_login.jsp</result>
		</action>
		<!-- 用户注册 -->
		<action name="userRegister" class="user">
			<result name="success">/user_registsuccess.jsp</result>
			<result name="input">/user_regist.jsp</result>
		</action>
		<!-- 用户修改密码 -->
		<action name="update" class="user">
			<interceptor-ref name="defaultStack"/>
			<interceptor-ref name="uloginInterceptor"/>
			<result name="success">/user_personalCenter.jsp</result>
			<result name="input">/user_pwdUpdate.jsp</result>
			<result name="userlogin">/user_login.jsp</result>
		</action>
		<!-- 用户退出登录 -->
		<action name="userexit" class="user">
			<interceptor-ref name="defaultStack"/>
			<interceptor-ref name="uloginInterceptor"/>
			<result name="success">/index.jsp</result>
			<result name="userlogin">/user_login.jsp</result>
		</action>
		<!-- 订票人信息的增删改查 -->
		<action name="add" class="passengerinfo">
			<interceptor-ref name="defaultStack"/>
			<interceptor-ref name="uloginInterceptor"/>
			<result name="success">/user_addpassengerinfosuccess.jsp</result>
			<result name="input">/user_addpassengerinfo.jsp</result>
			<result name="userlogin">/user_login.jsp</result>
		</action>
		<action name="passengerinfo" class="passengerinfo">
			<interceptor-ref name="defaultStack"/>
			<interceptor-ref name="uloginInterceptor"/>
			<result name="queryAllSuccess">/user_allpassengerinfo.jsp</result>
			<result name="shanchuSuccess">/user_allpassengerinfo.jsp</result>
			<result name="updateSuccess">/user_allpassengerinfo.jsp</result>
			<result name="modifySuccess">/user_passengerinfoupdate.jsp</result>
			<result name="input">/user_personalCenter.jsp</result>
			<result name="findByUid">/user_buyTicket.jsp</result>
			<result name="findByUidError">/user_addpassengerinfo.jsp</result>
			<result name="findByPid">/user_buyTicket.jsp</result>
			<result name="findByPidError">/error.jsp</result>
			<result name="userlogin">/user_login.jsp</result>
		</action>
		<!-- 用户填写留言 -->
		<action name="addm" class="message">
			<interceptor-ref name="defaultStack"/>
			<interceptor-ref name="uloginInterceptor"/>
			<result name="success">/user_Messagesuccess.jsp</result>
			<result name="input">/user_Message.jsp</result>
			<result name="userlogin">/user_login.jsp</result>
		</action>
		<!-- 管理员处理留言 -->
		<action name="message" class="message">
			<interceptor-ref name="defaultStack"/>
			<interceptor-ref name="aloginInterceptor"/>
			<result name="queryAllSuccess">/admin_message.jsp</result>
			<result name="queryerror">/administratorIndex.jsp</result>
			<result name="error">/administratorIndex.jsp</result>
			<result name="adminlogin">/admin_login.jsp</result>
		</action>	
		<!-- 车票 -->
		<!-- 用户车票操作 -->
		<action name="findTicket" class="ticket">
			<result name="findTicket">/user_ticketInfo.jsp</result>
			<result name="findTicketError">/findTicket.jsp</result>
		</action>
		<action name="chooseTicket" class="ticket">
			<interceptor-ref name="defaultStack"/>
			<interceptor-ref name="uloginInterceptor"/>
			<result name="findByID">/user_buyTicket.jsp</result>
			<result name="error">/user_TicketSoldout.jsp</result>
			<result name="userlogin">/user_login.jsp</result>
		</action>
		<!-- 管理员车票操作 -->
		<action name="ticket" class="ticket">
		<interceptor-ref name="defaultStack"/>
			<interceptor-ref name="aloginInterceptor"/>
			<result name="addTicket">/admin_addTicketsuccess.jsp</result>
			<result name="checkTicket">/admin_ticketInfo.jsp</result>
			<result name="checkTicketError">/admin_ticketCenter.jsp</result>
			<result name="adminFindByID">/admin_ticketUpdate.jsp</result>
			<result name="deleteTicket">/admin_checkTicket.jsp</result>
			<result name="deleteTicketError">/admin_ticketCenter.jsp</result>
			<result name="input">/admin_addTicket.jsp</result>
			<result name="ticketUpdate">/admin_checkTicket.jsp</result>
			<result name="ticketUpdateError">/admin_ticketUpdate.jsp</result>
			<result name="error">/admin_ticketCenter.jsp</result>
			<result name="adminlogin">/admin_login.jsp</result>
		</action>
		<!-- 订单  -->
		<action name="orders" class="orders">
			<interceptor-ref name="defaultStack"/>
			<interceptor-ref name="uloginInterceptor"/>
			<result name="addOrders">/user_payment.jsp</result>
			<result name="deleteOrders">/user_OrdersAllInfo.jsp</result>
			<result name="cancleOrders">/findTicket.jsp</result>
			<result name="queryOrders">/user_OrdersAllInfo.jsp</result>
			<result name="queryOrdersError">/findTicket.jsp</result>
			<result name="error">/error.jsp</result>
			<result name="userlogin">/user_login.jsp</result>
		</action>
		<!-- 管理员注册Action配置 -->
		<action name="adminRegister" class="admi">
			<interceptor-ref name="defaultStack"/>
			<interceptor-ref name="aloginInterceptor"/>
			<result name="success">/admin_personalCenter.jsp</result>
			<result name="input">/admin_register.jsp</result>
			<result name="adminlogin">/admin_login.jsp</result>
		</action>
		<!-- 管理员登录Action配置 -->
		<action name="adminLogin" class="admi">
			<result name="success">/administratorIndex.jsp</result>
			<result name="error">/admin_login.jsp</result>			
		</action>
		<!-- 管理员信息修改Action配置 -->
		<action name="adminPwdUpdate" class="admipassword"> 
			<interceptor-ref name="defaultStack"/>
			<interceptor-ref name="aloginInterceptor"/>
			<result name="success">/admin_personalCenter.jsp</result>
			<result name="input">/admin_pwdUpdate.jsp</result>
			<result name="adminlogin">/admin_login.jsp</result>
		</action>
		<!-- 管理员退出登录 -->
		<action name="adminexit" class="admi">
			<interceptor-ref name="defaultStack"/>
			<interceptor-ref name="aloginInterceptor"/>
			<result name="success">/index.jsp</result>
			<result name="adminlogin">/admin_login.jsp</result>
		</action>
		<!-- 通知公告 -->
		<action name="notice" class="notice">
			<result name="queryAllSuccess">/admin_notice.jsp</result>
			<result name="queryAllError">/admin_notice.jsp</result>
			<result name="userqueryAllSuccess">/user_notice.jsp</result>
			<result name="userqueryAllError">/user_notice.jsp</result>
			<result name="success">/admin_notice.jsp</result>
			<result name="error">/error.jsp</result>
		</action>
		<action name="addn" class="notice">
			<interceptor-ref name="defaultStack"/>
			<interceptor-ref name="aloginInterceptor"/>
			<result name="actionSuccess">/admin_noticeAddsuccess.jsp</result>
			<result name="input">/admin_noticeAdd.jsp</result>
			<result name="adminlogin">/admin_login.jsp</result>
		</action>	
	</package>
</struts>    
